날짜,삼성전자,SK하이닉스,NAVER,KODEX200,KODEX채권
2021-01-04,83000,126000,293000,36359,97518
2021-01-05,83900,130500,292500,36908,97652
2021-01-06,82200,131000,290000,36547,97596
2021-01-07,82900,134500,289500,37399,97576
2021-01-08,88800,138000,312000,39054,97539
2021-01-11,91000,133000,309000,39153,97628
2021-01-12,90600,129000,304000,38850,97547
2021-01-13,89700,133000,314000,39066,97594
2021-01-14,89700,130500,318000,39019,97552
2021-01-15,88000,127500,306000,38160,97619
2021-01-18,85000,130000,300500,37277,97660
2021-01-19,87000,130500,308000,38256,97660
2021-01-20,87200,130500,308000,38477,97623
2021-01-21,88100,131500,322500,39041,97680
2021-01-22,86800,128500,343500,38771,97584
2021-01-25,89400,135000,349000,39695,97543
2021-01-26,86700,129000,342000,38615,97547
2021-01-27,85600,128500,341500,38486,97579
2021-01-28,83700,123000,355000,37777,97623
2021-01-29,82000,122500,343000,36926,97655
2021-02-01,83000,125000,348000,37848,97584
2021-02-02,84400,130000,362500,38409,97623
2021-02-03,84600,130000,370500,38729,97672
2021-02-04,82500,125000,358000,38082,97680
2021-02-05,83500,127500,362500,38568,97672
2021-02-08,83000,125000,357500,38186,97680
2021-02-09,82700,125500,358500,38059,97711
2021-02-10,81600,126000,366500,38325,97676
2021-02-15,84200,132000,385500,38887,97638
2021-02-16,84900,132500,394000,39054,97638
2021-02-17,83200,130000,392000,38633,97676
2021-02-18,82100,126000,388000,38082,97711
2021-02-19,82600,133000,398000,38413,97693
2021-02-22,82200,136500,386500,38011,97601
2021-02-23,82000,138500,390500,37970,97605
2021-02-24,82000,136000,374000,37161,97680
2021-02-25,85300,148500,383000,38513,97680
2021-02-26,82500,141500,375000,37447,97518
2021-03-02,83600,144500,377500,37865,97539
2021-03-03,84000,147000,399500,38288,97594
2021-03-04,82400,142000,391500,37797,97579
2021-03-05,82100,140000,377500,37596,97566
2021-03-08,82000,135500,368500,37242,97422
2021-03-09,81400,136500,361500,37008,97150
2021-03-10,80900,133000,372000,36796,97172
2021-03-11,82000,137000,373500,37547,97297
2021-03-12,82800,140000,380500,37880,97193
2021-03-15,81800,136500,383000,37696,97177
2021-03-16,82800,140500,385500,38011,97297
2021-03-17,82300,140000,383500,37708,97268
2021-03-18,82900,142000,403500,37984,97305
2021-03-19,81900,138000,402000,37581,97310
2021-03-22,82000,138000,396500,37646,97380
2021-03-23,81800,135000,386000,37292,97440
2021-03-24,81000,133500,387000,37120,97479
2021-03-25,81200,133000,380000,37283,97527
2021-03-26,81500,135000,383000,37626,97522
2021-03-29,81600,132000,372000,37558,97483
2021-03-30,82200,134500,376500,37984,97389
2021-03-31,81400,132500,377000,37880,97417
2021-04-01,82900,140500,378500,38224,97461
2021-04-02,84800,141000,379500,38651,97457
2021-04-05,85400,143000,377000,38729,97341
2021-04-06,86000,143000,388500,38784,97350
2021-04-07,85600,143500,384500,38878,97389
2021-04-08,84700,144000,381500,38841,97493
2021-04-09,83600,140000,383500,38654,97444
2021-04-12,83200,137500,385500,38654,97506
2021-04-13,84000,139500,388500,39096,97518
2021-04-14,84000,137000,391500,39366,97623
2021-04-15,84100,137500,391000,39403,97547
2021-04-16,83900,137500,391500,39380,97527
2021-04-19,83300,138000,390000,39375,97596
2021-04-20,83900,138500,391000,39621,97589
2021-04-21,82600,132500,380500,38910,97628
2021-04-22,82400,133000,380500,38972,97668
2021-04-23,82800,132500,378000,38993,97623
2021-04-26,83500,131500,377500,39350,97527
2021-04-27,82900,135000,380000,39394,97571
2021-04-28,82100,130000,373500,38976,97601
2021-04-29,81700,130000,366500,38844,97594
2021-04-30,81500,128000,359500,38574,97514
2021-05-03,81700,131500,363000,38329,97510
2021-05-04,82600,132000,364500,38650,97518
2021-05-06,82300,129000,361500,38881,97531
2021-05-07,81900,129500,361000,39131,97552
2021-05-10,83200,130000,362000,39787,97594
2021-05-11,81200,123000,349000,39088,97601
2021-05-12,80000,119500,343000,38442,97601
2021-05-13,78500,117500,337500,38000,97571
2021-05-14,80100,118500,342500,38355,97566
2021-05-17,79600,117500,344000,38187,97648
2021-05-18,79600,121000,349500,38642,97672
2021-05-20,79500,122500,351000,38520,97689
2021-05-21,80100,122500,360000,38500,97676
2021-05-24,79700,119500,355500,38392,97672
2021-05-25,79900,123000,358000,38757,97609
2021-05-26,79800,123000,363000,38677,97579
2021-05-27,79600,125500,358000,38610,97701
2021-05-28,80100,125000,358000,38848,97579
2021-05-31,80500,127000,362500,38998,97440
2021-06-01,80600,128500,367000,39219,97403
2021-06-02,80800,126000,363000,39189,97461
2021-06-03,82800,129000,362000,39555,97444
2021-06-04,82200,128500,357000,39405,97413
2021-06-07,81900,128500,362500,39545,97453
2021-06-08,81900,127500,362500,39468,97576
2021-06-09,81100,122500,358500,39021,97619
2021-06-10,81000,123000,373500,39152,97527
2021-06-11,81000,128000,372500,39440,97469
2021-06-14,80500,127000,387000,39424,97615
2021-06-15,80900,128500,387000,39513,97464
2021-06-16,81800,129500,391000,39755,97448
2021-06-17,80900,126500,389500,39526,97346
2021-06-18,80500,124500,398000,39644,97341
2021-06-21,79900,122000,397000,39262,97376
2021-06-22,80000,122000,391000,39531,97469
2021-06-23,80100,124000,423500,39738,97464
2021-06-24,81200,126000,419500,39887,97320
2021-06-25,81600,128500,410000,40088,97188
2021-06-28,81900,126000,408000,40047,97098
2021-06-29,81000,125000,411500,39892,97167
2021-06-30,80700,127500,417500,40032,97192
2021-07-01,80100,124500,413000,39801,97197
2021-07-02,80000,122500,414000,39751,97144
2021-07-05,80400,123000,410000,39937,97254
2021-07-06,81200,125000,409500,40120,97215
2021-07-07,80800,123500,417500,39869,97376
2021-07-08,79900,121500,422000,39454,97522
2021-07-09,79400,119500,415500,39035,97506
2021-07-12,79700,120000,418500,39387,97514
2021-07-13,79800,123000,441000,39718,97398
2021-07-14,79500,123500,444000,39582,97479
2021-07-15,80600,123500,449000,39850,97090
2021-07-16,79800,121500,447000,39682,97268
2021-07-19,79000,119000,443000,39233,97305
2021-07-20,79000,118500,439000,39107,97464
2021-07-21,78500,117000,428000,38905,97453
2021-07-22,79700,119500,440000,39391,97461
2021-07-23,79300,118500,452000,39464,97501
2021-07-26,78800,117000,452000,39039,97576
2021-07-27,78500,116000,452000,39103,97576
2021-07-28,79200,114000,442000,39219,97430
2021-07-29,79000,114000,439500,39276,97457
2021-07-30,78500,112500,433500,38799,97479
2021-08-02,79300,116000,433500,38980,97501
2021-08-03,81400,120000,428000,39322,97496
2021-08-04,82900,121000,433000,39875,97536
2021-08-05,82100,120000,442500,39802,97527
2021-08-06,81500,118000,444500,39615,97493
2021-08-09,81500,116000,447500,39431,97435
2021-08-10,80200,112500,446500,39175,97483
2021-08-11,78500,105500,445000,38823,97571
2021-08-12,77000,100500,440500,38666,97547
2021-08-13,74400,101500,436500,38017,97510
2021-08-17,74200,101500,428500,37585,97594
2021-08-18,73900,104000,429000,37774,97656
2021-08-19,73100,102500,424500,37021,97734
2021-08-20,72700,102500,422500,36661,97681
2021-08-23,73300,103000,429500,36988,97664
2021-08-24,75600,105000,437500,37694,97518
2021-08-25,75700,103500,430500,37810,97589
2021-08-26,74600,104000,423500,37529,97629
2021-08-27,74300,103500,420000,37504,97601
2021-08-30,74600,103500,428000,37595,97605
2021-08-31,76700,106500,439000,38339,97681
2021-09-01,76800,108000,445000,38395,97619
2021-09-02,76000,106500,442500,38043,97552
2021-09-03,76600,107000,452500,38290,97547
2021-09-06,77300,106000,454000,38421,97483
2021-09-07,76100,104500,444500,38191,97539
2021-09-08,76300,106000,409500,37859,97430
2021-09-09,75300,103000,399000,37189,97394
2021-09-10,75300,105000,410000,37363,97403
2021-09-13,76300,106500,408000,37444,97363
2021-09-14,76600,107500,402500,37685,97297
2021-09-15,77000,107500,400500,37738,97350
2021-09-16,76100,104000,402000,37408,97371
2021-09-17,77200,107000,403000,37504,97328
2021-09-23,77400,105500,400000,37444,97267
2021-09-24,77300,104000,405500,37408,97200
2021-09-27,77700,104500,403000,37533,97191
2021-09-28,76300,103500,392500,37044,97059
2021-09-29,74100,100000,387000,36553,97054
2021-09-30,74100,103000,388000,36706,97111
2021-10-01,73200,100000,382000,36021,96987
2021-10-05,72200,97900,370500,35487,96931
2021-10-06,71300,96500,373000,34938,96718
2021-10-07,71600,95700,393500,35523,96780
2021-10-08,71500,94000,388500,35445,96771
2021-10-12,69000,91500,372000,34838,96430
2021-10-13,68800,92000,382000,35189,96569
2021-10-14,69400,93800,395000,35631,96565
2021-10-15,70100,98400,393500,35998,96555
2021-10-18,70200,97100,396500,35884,96365
2021-10-19,70600,97700,407500,36186,96449
2021-10-20,70300,97900,407500,36026,96434
2021-10-21,70200,96300,410500,35962,96536
2021-10-22,70400,98500,407500,35993,96439
2021-10-25,70200,100000,402500,36181,96416
2021-10-26,71100,102000,412500,36516,96260
2021-10-27,70100,101500,414500,36211,96004
2021-10-28,70700,106500,413000,36110,96145
2021-10-29,69800,103000,407000,35531,95870
2021-11-01,69900,106500,408500,35678,95924
2021-11-02,71500,107500,410000,36152,96149
2021-11-03,70400,105500,402500,35640,96067
2021-11-04,70600,106000,411500,35840,96145
2021-11-05,70200,107000,410500,35687,96410
2021-11-08,70600,107500,408000,35640,96477
2021-11-09,70500,109000,417500,35730,96661
2021-11-10,70200,108500,414500,35351,96587
2021-11-11,69900,107500,407000,35346,96520
2021-11-12,70600,106500,409000,35721,96332
2021-11-15,71400,111000,411000,36134,96520
2021-11-16,71300,112000,405500,36070,96421
2021-11-17,70700,110500,401000,35617,96398
2021-11-18,70200,110000,407000,35471,96449
2021-11-19,71200,111500,404000,35730,96430
2021-11-22,74900,119500,410000,36559,96294
2021-11-23,75300,119000,400000,36239,96250
2021-11-24,74800,119500,395000,36167,96264
2021-11-25,73700,117500,397000,35900,96525
2021-11-26,72300,115500,389500,35240,96737
2021-11-29,72300,116000,386500,34963,96775
2021-11-30,71300,114000,381000,34253,96909
2021-12-01,74400,116500,390000,35077,96913
2021-12-02,75800,120000,398500,35630,96909
2021-12-03,75600,118000,402000,35900,96732
2021-12-06,76300,118500,392000,35968,96806
2021-12-07,77400,121500,391000,36266,96806
2021-12-08,77400,120000,395000,36426,96890
2021-12-09,78200,123500,399500,36535,96983
2021-12-10,76900,120500,395000,36336,96913
2021-12-13,76800,121500,390500,36362,96960
2021-12-14,77000,121000,392000,36157,97008
2021-12-15,77600,123500,387500,36167,96990
2021-12-16,77800,124000,387500,36376,97117
2021-12-17,78000,122000,384500,36467,97107
2021-12-20,77100,120500,373000,35795,97180
2021-12-21,78100,124500,375000,36070,97321
2021-12-22,79400,127000,378500,36262,97176
2021-12-23,79900,127500,378000,36439,96960
2021-12-24,80500,128000,384000,36712,97122
2021-12-27,80200,126000,380500,36497,97167
2021-12-28,80300,127500,384500,36793,97090
2021-12-29,78800,127000,382000,36712,97153
2021-12-30,78300,131000,378500,36487,97098
2022-01-03,78600,128500,376000,36574,96890
2022-01-04,78700,128500,365500,36549,96870
2022-01-05,77400,125500,355000,36030,96759
2022-01-06,76900,125000,338500,35668,96438
2022-01-07,78300,127000,338000,36115,96378
2022-01-10,78000,124500,335000,35840,96481
2022-01-11,78900,128000,335000,35947,96463
2022-01-12,78900,128500,345500,36535,96591
2022-01-13,77900,129500,348000,36349,96640
2022-01-14,77300,128500,342000,35786,96514
2022-01-17,77500,127000,343500,35526,96241
2022-01-18,77000,126500,338000,35250,96228
2022-01-19,76300,127000,332500,34994,96420
2022-01-20,76500,125000,335000,35199,96295
2022-01-21,75600,119000,333000,34801,96311
2022-01-24,75100,119000,328500,34407,96378
2022-01-25,74000,118000,322000,33569,96253
2022-01-26,73300,117500,313000,33468,96272
2022-01-27,71300,113500,303000,32359,96027
2022-01-28,73300,120500,310000,33229,96263
2022-02-03,73300,124000,320500,33549,96353
2022-02-04,74000,124500,327500,33991,96241
2022-02-07,73000,123000,327000,33640,96133
2022-02-08,73500,125000,322000,33705,95885
2022-02-09,74700,126000,326000,34172,96001
2022-02-10,75400,129500,331500,34456,96072
2022-02-11,74900,132000,327500,34135,95829
2022-02-14,73700,132500,322000,33678,95921
2022-02-15,73700,127000,318500,33472,95937
2022-02-16,74800,130500,324500,34076,96056
2022-02-17,75000,133000,324500,34298,96119
2022-02-18,74300,131500,318000,34167,96056
2022-02-21,74200,130000,318000,34192,95877
2022-02-22,73400,128500,313000,33695,96084
2022-02-23,73000,128500,309000,33813,96115
2022-02-24,71500,122500,302500,32929,96299
2022-02-25,71900,123000,314500,33301,96299
2022-02-28,72100,123500,318000,33554,96311
2022-03-02,71700,125000,317000,33416,96505
2022-03-03,72900,129000,325500,34054,96363
2022-03-04,71500,124500,317500,33525,96323
2022-03-07,70100,119500,307000,32773,96191
2022-03-08,69500,118000,304500,32347,96245
2022-03-10,71200,120000,330500,33017,96336
2022-03-11,70000,117000,329000,32894,96346
2022-03-14,70200,116000,329000,32834,96303
2022-03-15,69500,112500,327500,32549,96311
2022-03-16,70400,116500,330500,33036,96402
2022-03-17,71200,124000,344500,33534,96487
2022-03-18,70700,124000,344500,33607,96487
2022-03-21,69900,122000,339000,33265,96398
2022-03-22,70300,123500,339500,33565,95997
2022-03-23,70500,123500,345500,33860,95970
2022-03-24,69800,120500,340000,33705,95930
2022-03-25,69800,118000,333000,33565,95779
2022-03-28,69700,118000,331500,33590,94992
2022-03-29,70200,120000,334000,33764,95264
2022-03-30,69900,121000,339000,33883,95513
2022-03-31,69600,118000,340500,33991,95428
2022-04-01,69100,116000,335500,33727,95082
2022-04-04,69300,117000,338000,33887,94868
2022-04-05,69200,116500,342500,33855,94895
2022-04-06,68500,113000,330000,33506,94554
2022-04-07,68000,113500,321000,33067,94828
2022-04-08,67800,112000,316500,33090,94559
2022-04-11,67900,111500,313000,33090,94099
2022-04-12,67000,111000,308500,32778,94268
2022-04-13,68700,113000,310500,33401,94512
2022-04-14,67500,110000,313000,33215,94787
2022-04-15,66600,108000,308500,32820,94677
2022-04-18,66700,109000,306500,32846,94584
2022-04-19,67300,112500,312000,33234,94454
2022-04-20,67400,112500,315500,33206,94597
2022-04-21,67700,113000,309500,33350,94721
2022-04-22,67000,110500,300000,32984,94549
2022-04-25,66300,108000,288500,32458,94895
2022-04-26,66100,111000,287000,32596,94895
2022-04-27,65000,108500,280500,32213,94899
2022-04-28,64800,109500,280500,32530,94837
2022-04-29,67400,112500,286500,33020,94758
2022-05-02,67300,110500,281000,32895,94440
2022-05-03,67500,110000,282000,32815,94272
2022-05-04,67900,109500,282000,32895,94059
2022-05-06,66500,107500,272000,32438,94232
2022-05-09,66100,107500,275000,32131,94520
2022-05-10,65700,110000,276000,31964,94549
2022-05-11,65700,110500,279000,31960,94809
2022-05-12,64900,109000,270000,31435,94866
2022-05-13,66500,112500,274500,32180,94978
2022-05-16,66300,110500,273500,32051,94721
2022-05-17,67600,112500,275500,32362,94753
2022-05-18,68100,113500,276500,32424,94681
2022-05-19,67500,111000,271500,31960,94748
2022-05-20,68000,112500,275000,32530,94837
2022-05-23,67900,113000,277500,32638,94809
2022-05-24,66500,108500,266000,32032,94886
2022-05-25,66400,108000,266000,32170,95101
2022-05-26,65900,103000,266000,32061,95032
2022-05-27,66500,106000,270000,32401,95087
2022-05-30,67700,107000,281000,32825,95121
2022-05-31,67400,108000,288000,32955,94847
2022-06-02,66700,107000,290000,32597,94496
2022-06-03,66800,107000,287500,32777,94549
2022-06-07,65500,104000,278000,32170,94323
2022-06-08,65300,106000,278000,32240,94318
2022-06-09,65200,105500,273000,32141,94482
2022-06-10,63800,103500,270000,31810,94395
2022-06-13,62100,99000,254000,30685,93854
2022-06-14,61900,99100,253000,30565,93706
2022-06-15,60700,97900,244500,30021,93422
2022-06-16,60900,97400,240000,30001,93358
2022-06-17,59800,96400,237500,29782,93251
2022-06-20,58700,94500,234000,29301,93224
2022-06-21,58500,95200,239500,29467,93344
2022-06-22,57600,92200,229000,28721,93679
2022-06-23,57400,90200,234000,28492,93654
2022-06-24,58400,91600,247500,29089,93830
2022-06-27,58800,95000,249000,29462,93631
2022-06-28,59400,95300,252500,29690,93787
2022-06-29,58000,94000,246500,29192,93815
2022-06-30,57000,91000,240000,28708,93805
2022-07-01,56200,87500,237000,28416,94189
2022-07-04,57100,89100,235000,28425,94227
2022-07-05,57200,92500,243000,28876,94473
2022-07-06,56400,92100,243500,28219,94871
2022-07-07,58200,93900,245000,28788,94835
2022-07-08,58700,94800,249000,28948,94679
2022-07-11,58800,93700,240500,28783,94687
2022-07-12,58100,93300,233500,28510,94719
2022-07-13,58000,94000,237500,28657,95005
2022-07-14,57500,94000,233500,28555,94785
2022-07-15,60000,98700,231000,28726,94916
2022-07-18,61900,101000,246500,29365,95023
2022-07-19,60900,100000,243500,29268,94951
2022-07-20,60500,102000,246000,29486,94800
2022-07-21,61800,102500,250500,29810,94830
2022-07-22,61300,100000,250000,29618,94954
2022-07-25,61100,100000,248000,29737,95200
2022-07-26,61700,100500,245000,29843,95134
2022-07-27,61800,100000,246000,29853,95272
2022-07-28,61900,99400,247000,30050,95272
2022-07-29,61400,97900,259000,30181,95630
2022-08-01,61300,97100,259000,30166,95393
2022-08-02,61700,96500,259000,30002,95573
2022-08-03,61300,97500,269000,30213,95483
2022-08-04,61500,97500,273500,30366,95429
2022-08-05,61500,98500,267000,30566,95521
2022-08-08,60800,96300,258500,30512,95357
2022-08-09,60000,95100,265000,30608,95410
2022-08-10,59100,91800,262000,30250,95344
2022-08-11,59900,93300,267500,30754,95344
2022-08-12,60200,93300,265500,30869,95210
2022-08-16,61000,96700,259500,30948,95591
2022-08-17,60400,97100,258000,30789,95550
2022-08-18,61500,95700,250000,30674,95469
2022-08-19,60900,96400,248000,30497,95252
2022-08-22,60000,95200,245500,30101,95112
2022-08-23,59100,93600,241000,29725,94968
2022-08-24,59000,93200,241500,29843,94977
2022-08-25,59700,94100,244500,30196,94336
2022-08-26,60000,95100,242000,30213,94415
2022-08-29,58600,92500,234000,29486,94015
2022-08-30,58800,93200,238000,29810,94103
2022-08-31,59700,95200,240000,30036,93887
2022-09-01,58400,92400,236000,29354,93737
2022-09-02,57500,91700,234000,29191,94082
2022-09-05,57100,91100,236000,29191,94241
2022-09-06,57100,91800,235000,29191,94172
2022-09-07,56000,90400,231500,28768,94063
2022-09-08,55600,90400,231500,28824,94484
2022-09-13,58100,94800,238500,29733,94583
2022-09-14,56800,93000,230000,29145,94502
2022-09-15,56000,92000,225500,28982,94103
2022-09-16,56200,91200,220000,28776,94073
2022-09-19,56400,90000,218000,28571,94049
2022-09-20,55800,88000,218000,28670,93967
2022-09-21,55300,88000,213000,28404,93876
2022-09-22,54400,86000,206500,28096,93312
2022-09-23,54500,83500,210500,27753,93047
2022-09-26,53900,82500,204500,27072,92246
2022-09-27,54200,82000,204500,27123,92805
2022-09-28,52900,81200,200500,26456,92837
2022-09-29,52600,80800,196500,26465,92734
2022-09-30,53100,83100,193500,26348,92998
2022-10-04,55200,86200,176500,26985,93539
2022-10-05,56000,89800,164000,26990,93317
2022-10-06,56300,89900,167000,27290,93289
2022-10-07,56200,91200,160000,27188,92942
2022-10-11,55400,90200,158500,26632,92782
2022-10-12,55800,94000,162000,26861,93365
2022-10-13,55200,94900,158500,26432,93104
2022-10-14,56300,95500,165500,27077,93245
2022-10-17,56600,95200,167000,27094,93007
2022-10-18,56500,95800,172500,27444,92995
2022-10-19,55800,92900,168500,27220,92805
2022-10-20,55500,90200,168500,26954,92890
2022-10-21,55900,90500,166000,27010,92304
2022-10-24,57500,91800,164000,27261,92810
2022-10-25,57700,93500,165500,27304,93065
2022-10-26,59400,93900,159500,27492,93235
2022-10-27,59500,90000,161000,27972,93240
2022-10-28,57300,83400,160000,27609,93423
2022-10-31,59400,82700,169500,28024,93249
2022-11-01,60000,83900,170500,28449,93575
2022-11-02,59600,84500,174000,28396,93473
2022-11-03,59200,82700,169000,28236,93336
2022-11-04,59400,84500,174000,28486,93529
2022-11-07,60200,86500,169000,28789,93328
2022-11-08,61800,87700,177500,29206,93432
2022-11-09,62000,89200,180000,29496,93681
2022-11-10,60400,89100,176000,29125,93795
2022-11-11,62900,93500,193500,30293,94396
2022-11-14,61900,90900,188500,30104,94305
2022-11-15,62400,91600,192000,30190,94571
2022-11-16,62700,91500,189500,30132,94391
2022-11-17,61400,87700,188000,29735,94646
2022-11-18,61800,88400,185500,29667,94452
2022-11-21,61400,86300,182500,29440,94519
2022-11-22,60600,85200,180500,29231,94563
2022-11-23,61000,85200,181500,29425,94462
2022-11-24,61400,86900,188000,29702,94942
2022-11-25,61000,85100,185000,29578,95058
2022-11-28,60100,83100,180500,29221,94953
2022-11-29,60600,83700,182500,29551,94920
2022-11-30,62200,85000,187000,29996,94958
2022-12-01,62600,84700,187500,30175,95048
2022-12-02,60400,81900,185500,29500,95156
2022-12-05,60300,81000,191500,29408,95200
2022-12-06,59200,81000,185500,29030,95152
2022-12-07,58900,78900,183500,28868,95086
2022-12-08,59200,78800,185500,28868,95139
2022-12-09,60400,81500,195000,29206,95130
2022-12-12,59500,81100,193000,29023,95174
2022-12-13,59700,82300,193000,29000,95196
2022-12-14,60500,81800,193500,29328,95428
2022-12-15,59300,80200,182500,28841,95455
2022-12-16,59500,78400,180500,28704,95521
2022-12-19,59500,79000,183500,28709,95526
2022-12-20,58600,78300,180500,28473,95067
2022-12-21,58000,78000,180000,28401,95165
2022-12-22,59100,79200,184500,28771,95460
2022-12-23,58100,77800,178000,28275,95261
2022-12-26,57900,77000,178500,28317,95157
2022-12-27,58100,77000,181000,28520,95201
2022-12-28,56600,76000,180000,28181,95067
2022-12-29,55300,75000,177500,27676,94957
2023-01-02,55500,75700,179500,27513,94949
2023-01-03,55400,75600,178500,27513,95252
2023-01-04,57800,81000,182500,28093,95316
2023-01-05,58200,81400,186000,28317,95321
2023-01-06,59000,83100,185000,28619,95338
2023-01-09,60700,86000,196500,29394,95690
2023-01-10,60400,86500,193000,29430,95748
2023-01-11,60500,87300,195000,29483,95945
2023-01-12,60500,86800,194000,29566,95883
2023-01-13,60800,85700,195000,29784,96267
2023-01-16,61100,85800,200500,30020,96056
2023-01-17,61000,86000,193500,29784,95916
2023-01-18,60400,85100,195500,29586,96267
2023-01-19,61500,85500,196000,29774,96593
2023-01-20,61800,87600,196000,29968,96308
2023-01-25,63400,91400,202000,30441,96425
2023-01-26,63900,92300,204000,30860,96514
2023-01-27,64600,91500,211500,31105,96390
2023-01-30,63300,90700,207000,30612,96514
2023-01-31,61000,88500,202500,30140,96300
2023-02-01,61800,91400,205500,30467,96601
2023-02-02,63500,93400,211500,30795,96792
2023-02-03,63800,92200,223500,30922,96930
2023-02-06,61600,89100,215500,30219,96536
2023-02-07,61900,90800,219500,30407,96352
2023-02-08,63100,94900,230500,30880,96481
2023-02-09,63000,94400,230000,30780,96316
2023-02-10,62800,93500,230000,30701,96295
2023-02-13,62900,90600,223000,30520,96091
2023-02-14,63200,93400,224000,30701,96241
2023-02-15,62200,91700,215500,30122,96096
2023-02-16,63700,92900,220500,30720,96056
2023-02-17,62600,92000,215500,30448,95632
2023-02-20,62700,92500,219000,30552,95695
2023-02-21,62100,91200,215500,30511,95716
2023-02-22,61100,89100,211500,29979,95622
2023-02-23,62000,92700,213500,30360,95799
2023-02-24,61300,91000,208000,30088,95950
2023-02-27,60500,90000,208000,29820,95627
2023-02-28,60600,89400,208500,29903,95311
2023-03-02,60800,88100,206000,29979,95215
2023-03-03,60500,87300,205500,30047,95350
2023-03-06,61500,89700,214500,30467,95446
2023-03-07,60700,88900,211000,30307,95699
2023-03-08,60300,86800,202500,29876,95300
2023-03-09,60100,85600,202000,29786,95386
2023-03-10,59500,83300,199800,29460,95805
2023-03-13,60000,84300,202500,29699,96556
2023-03-14,59000,81100,196000,29005,97037
2023-03-15,59800,79100,196400,29371,96429
2023-03-16,59900,79000,197100,29263,96665
2023-03-17,61300,84000,198000,29598,96579
2023-03-20,60200,83700,201500,29385,96905
2023-03-21,60300,83600,200500,29460,96841
2023-03-22,61100,86900,207000,29829,96914
2023-03-23,62300,88500,204000,29917,97187
2023-03-24,63000,87300,202500,29816,97287
2023-03-27,62100,85500,199300,29679,97133
2023-03-28,62900,88400,199500,30028,96918
2023-03-29,62700,86900,199100,30074,97027
2023-03-30,63200,88800,201000,30284,97037
2023-03-31,64000,88600,202000,30640,96996
2023-04-03,63100,87200,198200,30487,96850
2023-04-04,63600,84500,201000,30626,97099
2023-04-05,63900,84600,199200,30800,97141
2023-04-06,62300,83800,191900,30252,97304
2023-04-07,65000,89100,193400,30766,97237
2023-04-10,65700,90700,193000,31063,97313
2023-04-11,65900,91800,199900,31470,97237
2023-04-12,66000,90300,198000,31569,97292
2023-04-13,66100,88700,196400,31629,97328
2023-04-14,65100,89300,199000,31742,97360
2023-04-17,65300,88500,197000,31752,97161
2023-04-18,65600,87600,192800,31706,97114
2023-04-19,65500,88200,191400,31728,97027
2023-04-20,65300,87700,191600,31634,97086
2023-04-21,65700,89100,190300,31475,97232
2023-04-24,65200,87200,190000,31259,97313
2023-04-25,63600,85500,186100,30865,97287
2023-04-26,64100,87400,188100,30833,97346
2023-04-27,64600,88800,188200,30938,97242
2023-04-28,65500,89500,192300,31001,97200
2023-05-02,65700,90200,193200,31337,97056
2023-05-03,65400,89800,192600,31057,97323
2023-05-04,65100,88700,196100,30938,97495
2023-05-08,65900,88700,207000,31327,97346
2023-05-09,65300,87300,211000,31234,97391
2023-05-10,64600,86900,210000,31039,97364
2023-05-11,64200,86300,211000,30952,97536
2023-05-12,64100,87200,213500,30805,97549
2023-05-15,64500,86400,212000,30891,97328
2023-05-16,65400,90400,207500,30977,97549
2023-05-17,65000,91900,213000,31075,97482
2023-05-18,66200,93600,212500,31376,97313
2023-05-19,68400,97300,216500,31817,97237
2023-05-22,68500,98200,215000,32022,97304
2023-05-23,68400,97900,212000,32116,97196
2023-05-24,68500,97700,203000,31999,97227
2023-05-25,68800,103500,206000,31969,96928
2023-05-26,70300,109200,202500,32078,96705
2023-05-30,72300,110300,201500,32511,96662
2023-05-31,71400,108600,199500,32279,97047
2023-06-01,70900,110300,204000,32175,97017
2023-06-02,72200,110300,204500,32587,97146
2023-06-05,71700,108700,204500,32680,96914
2023-06-07,71000,108000,205000,32610,97126
2023-06-08,70900,109700,200500,32568,96884
2023-06-09,72000,115400,200500,32999,96933
2023-06-12,71000,114800,200500,32787,96991
2023-06-13,72000,119500,201000,32943,97024
2023-06-14,71900,118800,199200,32782,96880
2023-06-15,71500,119000,200500,32667,96663
2023-06-16,71800,118900,202500,32825,96763
2023-06-19,71200,114800,198600,32644,96782
2023-06-20,71400,116100,198500,32587,96855
2023-06-21,70500,115100,189900,32282,96880
2023-06-22,71300,114000,191300,32362,96809
2023-06-23,71600,113600,188900,32208,96690
2023-06-26,72400,113500,188900,32366,96850
2023-06-27,72600,113000,185900,32353,96850
2023-06-28,72700,114300,184800,32180,96870
2023-06-29,72400,116200,183400,32175,96860
2023-06-30,72200,115200,182800,32269,96611
2023-07-03,73000,117600,189300,32772,96829
2023-07-04,73000,117900,188700,32644,96914
2023-07-05,72000,116700,186500,32335,96832
2023-07-06,71600,113800,195500,32087,96708
2023-07-07,69900,111800,195000,31631,96528
2023-07-10,69500,110300,193200,31579,96413
2023-07-11,71500,113400,197400,32160,96695
2023-07-12,71900,115400,202000,32366,96590
2023-07-13,71900,114100,199700,32625,96957
2023-07-14,73400,118000,204500,33120,96924
2023-07-17,73300,117200,206500,32990,96896
2023-07-18,72000,117800,209000,32777,97049
2023-07-19,71700,117500,204500,32739,97160
2023-07-20,71000,116900,204500,32639,97094
2023-07-21,70300,115100,206000,32672,97019
2023-07-24,70400,114000,203000,32888,97019
2023-07-25,70000,113400,201000,32943,96986
2023-07-26,69800,113000,197700,32516,97014
2023-07-27,71700,124000,211500,32911,97209
2023-07-28,70600,128000,211000,32834,97039
2023-07-31,69800,123400,227000,32982,96855
2023-08-01,71100,125100,233000,33523,96976
2023-08-02,69900,119500,227500,32797,96841
2023-08-03,68800,120000,223000,32577,96841
2023-08-04,68300,120100,223500,32582,96750
2023-08-07,68500,121900,234500,32501,96991
2023-08-08,67600,118600,223000,32232,97014
2023-08-09,68900,118500,227500,32582,97049
2023-08-10,68000,118500,225000,32478,96943
2023-08-11,67500,115300,222000,32370,96891
2023-08-14,67300,114900,221000,32082,96801
2023-08-16,67000,115800,222500,31600,96888
2023-08-17,66700,114800,218000,31506,96654
2023-08-18,66300,117200,212500,31339,96884
2023-08-21,66600,116400,214500,31363,96755
2023-08-22,66600,116500,221000,31486,96741
2023-08-23,67100,116000,215500,31419,96860
2023-08-24,68200,120900,229000,31849,96905
2023-08-25,67100,116500,211000,31501,96875
2023-08-28,66800,115900,213500,31715,96938
2023-08-29,66800,118600,218000,31863,97014
2023-08-30,67100,119400,217500,31958,97053
2023-08-31,66900,121800,214500,31972,97112
2023-09-01,71000,120000,214500,32291,97214
2023-09-04,71200,119200,211500,32496,97102
2023-09-05,70700,119400,212000,32463,97007
2023-09-06,70000,118200,214000,32236,97007
2023-09-07,70400,118500,216500,32072,96740
2023-09-08,70300,113700,215000,32119,96938
2023-09-11,70800,115900,211500,32212,96745
2023-09-12,70500,116700,219500,32043,96836
2023-09-13,70900,118500,222000,32067,96726
2023-09-14,71700,122200,225500,32520,96924
2023-09-15,72000,122400,229500,32944,96855
2023-09-18,70200,119000,221500,32549,96754
2023-09-19,69800,119200,219500,32301,96828
2023-09-20,69600,118000,217500,32296,96698
2023-09-21,68900,116500,210000,31729,96711
2023-09-22,68800,117300,208000,31615,96759
2023-09-25,69400,117000,206500,31642,96855
2023-09-26,68600,115000,201000,31231,96860
2023-09-27,68400,114700,201500,31307,96905
2023-10-04,67500,115400,191200,30477,96289
2023-10-05,66700,120200,189400,30487,96365
2023-10-06,66000,120400,190900,30543,96504
2023-10-10,66400,119500,191200,30614,96694
2023-10-11,68200,119200,193000,31129,96818
2023-10-12,68900,124200,193600,31482,96900
2023-10-13,68000,124700,191800,31207,96759
2023-10-16,67300,124100,189700,30968,96771
2023-10-17,69400,130000,188500,31348,96763
2023-10-18,70500,130000,186300,31482,96649
2023-10-19,69500,125700,181400,30882,96508
2023-10-20,68800,126200,180200,30416,96614
2023-10-23,68400,124000,178300,30253,96592
2023-10-24,68500,126800,187000,30487,96707
2023-10-25,68000,127500,189100,30320,96662
2023-10-26,66700,120000,181900,29543,96497
2023-10-27,67300,119100,185400,29572,96624
2023-10-30,67300,119100,186100,29653,96522
2023-10-31,66900,116300,187400,29292,96614
2023-11-01,68600,120300,187700,29697,96634
2023-11-02,69700,125300,190800,30191,97011
2023-11-03,69600,125800,200500,30496,97054
2023-11-06,70900,133000,205500,31924,97239
2023-11-07,70900,130400,200500,31345,97252
2023-11-08,69900,127600,197400,31054,97340
2023-11-09,70300,128000,198200,31203,97373
2023-11-10,70500,130500,194700,31025,97349
2023-11-13,70400,131800,192600,31002,97377
2023-11-14,70800,130000,198600,31321,97400
2023-11-15,72200,134100,205500,32001,97751
2023-11-16,72800,132300,203000,31976,97846
2023-11-17,72500,129900,202000,31813,97908
2023-11-20,72700,131400,202500,32066,97899
2023-11-21,72800,132000,204500,32221,98060
2023-11-22,72800,131300,207500,32278,98005
2023-11-23,72400,130100,205500,32282,98045
2023-11-24,71700,128000,205500,32028,97926
2023-11-27,71300,130700,206000,31991,97972
2023-11-28,72700,131400,207500,32357,98139
2023-11-29,72700,130400,207500,32255,98420
2023-11-30,72800,133900,208000,32438,98319
2023-12-01,72000,132600,206000,32071,98333
2023-12-04,72600,131100,210500,32236,98541
2023-12-05,71200,125900,213000,31880,98626
2023-12-06,71700,125600,213500,31986,98753
2023-12-07,71500,125600,212500,31861,98608
2023-12-08,72600,127500,217500,32324,98625
2023-12-11,73000,128900,217500,32434,98613
2023-12-12,73500,131000,213500,32569,98731
2023-12-13,72800,131200,213500,32255,98664
2023-12-14,73100,136700,223000,32645,99253
2023-12-15,73300,140000,226000,32831,99164
2023-12-18,72900,140000,223000,32936,99186
2023-12-19,73400,138200,222500,32966,99169
2023-12-20,74800,140500,220500,33599,99345
2023-12-21,75000,140500,216500,33380,99350
2023-12-22,75900,140600,215000,33486,99365
2023-12-26,76600,140900,215500,33624,99444
2023-12-27,78000,140400,223000,33997,99473
2023-12-28,78500,141500,224000,34555,99655
2024-01-02,79600,142400,227500,34765,99350
2024-01-03,77000,136800,222000,33801,99248
2024-01-04,76600,136400,223000,33504,99483
2024-01-05,76600,137500,220500,33409,99281
2024-01-08,76500,136000,226500,33299,99355
2024-01-09,74700,137400,229500,33176,99463
2024-01-10,73600,133500,231000,32812,99453
2024-01-11,73200,136000,231500,32865,99570
2024-01-12,73100,134100,230500,32550,99621
2024-01-15,73900,134100,229500,32686,99696
2024-01-16,72600,132100,230000,32241,99570
2024-01-17,71000,131000,219000,31450,99420
2024-01-18,71700,136200,216500,31597,99463
2024-01-19,74700,141300,215500,32071,99319
2024-01-22,75100,142600,217000,32104,99510
2024-01-23,75200,140800,218000,32273,99506
2024-01-24,74000,141500,218000,32148,99406
2024-01-25,74100,137400,213500,32187,99439
2024-01-26,73400,136000,216500,32246,99596
2024-01-29,74400,135000,212000,32626,99468
2024-01-30,74300,136900,209500,32569,99611
2024-01-31,72700,134700,200500,32410,99645
2024-02-01,73600,132700,202500,32967,99630
2024-02-02,75200,134900,221500,34031,99735
2024-02-05,74300,132300,208000,33617,99478
2024-02-06,74400,138000,205500,33489,99635
2024-02-07,75000,138000,204500,33963,99592
2024-02-08,74100,142800,206000,34001,99596
2024-02-13,75200,150000,205000,34417,99468
2024-02-14,74000,148700,202500,33949,99267
2024-02-15,73000,148700,203500,33901,99387
2024-02-16,72800,146800,205000,34241,99379
2024-02-19,73800,151300,203500,34777,99468
2024-02-20,73300,149600,202500,34369,99401
2024-02-21,73000,149000,202500,34294,99401
2024-02-22,73100,156500,202000,34469,99611
2024-02-23,72900,161400,200500,34576,99496
2024-02-26,72800,161800,199900,34299,99611
2024-02-27,72900,153800,200000,34006,99592
2024-02-28,73200,158000,204000,34422,99592
2024-02-29,73400,156200,195000,34331,99483
2024-03-04,74900,166500,192000,34825,99611
2024-03-05,73700,165800,188700,34547,99691
2024-03-06,72900,162900,189800,34422,99706
2024-03-07,72200,164900,189000,34446,99772
2024-03-08,73300,171900,188000,34950,99909
2024-03-11,72400,166600,189900,34658,99922
2024-03-12,73300,165700,190500,34955,99918
2024-03-13,74100,163600,188400,35118,99884
2024-03-14,74300,161900,186800,35434,99846
2024-03-15,72300,161200,186100,34767,99749
2024-03-18,72800,164300,184100,34989,99758
2024-03-19,72800,160200,182600,34571,99611
2024-03-20,76900,156500,183100,35180,99674
2024-03-21,79300,170000,184400,36133,99884
2024-03-22,78900,169800,188900,36028,99960
2024-03-25,78200,169400,188000,35885,99974
2024-03-26,79900,176600,188900,36238,99904
2024-03-27,79800,181200,189300,36258,99982
2024-03-28,80800,178200,187100,36238,99970
2024-03-29,82400,183000,187400,36357,99856
2024-04-01,82000,185500,194300,36381,99982
2024-04-02,85000,186300,192000,36483,99913
2024-04-03,84100,179200,193400,35933,99846
2024-04-04,85300,188000,194300,36443,99865
2024-04-05,84500,182800,193100,36070,99945
2024-04-08,84500,181200,189900,36223,99784
2024-04-09,83600,182900,189000,35999,99794
2024-04-11,84100,188400,183600,35984,99565
2024-04-12,83700,187400,185900,35634,99789
2024-04-15,82200,188200,182800,35477,99701
2024-04-16,80000,179100,179500,34658,99575
2024-04-17,78900,178700,179600,34279,99601
2024-04-18,79600,182300,180700,34878,99813
2024-04-19,77600,173300,182400,34222,99616
2024-04-22,76100,171600,180900,34682,99557
2024-04-23,75500,171000,180100,34643,99640
2024-04-24,78600,179800,183700,35280,99570
2024-04-25,76300,170600,182700,34672,99505
2024-04-26,76700,177800,181500,35070,99523
2024-04-29,76700,175900,184700,35414,99523
2024-04-30,77500,174200,184400,35540,99606
2024-05-02,78000,173600,188800,35410,99711
2024-05-03,77600,173200,194600,35380,99711
2024-05-07,81300,179600,194800,36199,99913
2024-05-08,81300,178000,190900,36326,99936
2024-05-09,79700,175400,188300,35919,99894
2024-05-10,79200,179900,188600,36103,99970
2024-05-13,78400,183800,184300,36036,99979
2024-05-14,78300,185300,184400,36108,99945
2024-05-16,78200,193000,188500,36451,100148
2024-05-17,77400,189900,187300,36026,100138
2024-05-20,78900,190100,184000,36326,100134
2024-05-21,78400,192000,183200,36137,100148
2024-05-22,77700,197700,182600,36137,100153
2024-05-23,78300,200000,182100,36137,100203
2024-05-24,75900,198600,179000,35573,100129
2024-05-27,77200,201500,179000,36068,100208
2024-05-28,77600,202500,177400,36108,100260
2024-05-29,75200,202500,175300,35578,100158
2024-05-30,73500,195700,170400,34935,100063
2024-05-31,73500,189200,170200,34921,100114
2024-06-03,75700,194200,172700,35549,100208
2024-06-04,75300,193300,176800,35288,100344
2024-06-05,77400,193700,177100,35642,100511
2024-06-07,77300,207500,175400,36113,100544
2024-06-10,75700,208000,170700,35797,100430
2024-06-11,75200,212500,170200,35831,100478
2024-06-12,76500,215000,168400,36146,100516
2024-06-13,78600,222000,169900,36393,100644
2024-06-14,79600,221000,169900,36515,100790
2024-06-17,78100,223000,166100,36316,100891
2024-06-18,79800,234500,166800,36699,100886
2024-06-19,81200,233500,167900,37246,101067
2024-06-20,81600,237500,167200,37393,100937
2024-06-21,80000,234000,167600,37073,101018
2024-06-24,80600,223000,168900,36791,100975
2024-06-25,80800,225000,166400,36899,100975
2024-06-26,81300,237000,168400,37202,100951
2024-06-27,81600,236500,165400,37160,100863
2024-06-28,81500,236500,166900,37379,101013
2024-07-01,81800,235500,162900,37451,100951
2024-07-02,81800,232000,159900,37183,101132
2024-07-03,81800,236000,159800,37339,101132
2024-07-04,84600,230000,159800,37839,101218
2024-07-05,87100,236000,168100,38537,101242
2024-07-08,87400,233500,170500,38410,101322
2024-07-09,87800,238500,170700,38547,101374
2024-07-10,87800,239000,177500,38532,101374
2024-07-11,87600,241000,176100,38771,101218
2024-07-12,84400,233000,174800,38237,101416
2024-07-15,86700,230000,176300,38479,101426
2024-07-16,87700,233000,171600,38503,101617
2024-07-17,86700,220500,173400,38182,101574
2024-07-18,86900,212500,174900,37903,101555
2024-07-19,84400,209500,172200,37456,101516
2024-07-22,83000,205000,172700,37083,101550
2024-07-23,83900,205000,170600,37188,101540
2024-07-24,82000,208500,171700,36971,101660
2024-07-25,80400,190000,178000,36296,101687
2024-07-26,80900,191800,174800,36491,101730
2024-07-29,81200,195600,175000,36927,101886
2024-07-30,81000,188900,173300,36582,101807
2024-07-31,83900,194600,174000,37117,101802
2024-08-01,83100,193300,175000,37147,101924
2024-08-02,79600,173200,171400,35651,102045
2024-08-05,71400,156100,156100,32379,102503
2024-08-06,72500,163700,158400,33277,102049
2024-08-07,74700,169300,162700,34037,102143
2024-08-08,73400,163400,162700,33784,102176
2024-08-09,74700,171500,163700,34245,102095
2024-08-12,75500,177000,160300,34639,102128
2024-08-13,76100,181900,156400,34756,102225
2024-08-14,77200,186700,157300,35083,102239
2024-08-16,80200,199700,157500,35915,102176
2024-08-19,78300,193900,156600,35598,102190
2024-08-20,78900,199700,156600,35954,102153
2024-08-21,78300,192600,156400,35905,102167
2024-08-22,78300,191100,164700,35959,102300
2024-08-23,77700,185500,164900,35935,102230
2024-08-26,76100,179600,170700,35745,102365
2024-08-27,75800,175000,167900,35564,102167
2024-08-28,76400,179300,163800,35627,102230
2024-08-29,74000,169700,164900,35156,102095
2024-08-30,74300,173700,169100,35339,102095
2024-09-02,74400,174000,166600,35300,102086
2024-09-03,72500,168300,165300,35005,102072
2024-09-04,70000,154800,157500,33788,102181
2024-09-05,69000,159400,159800,33735,102286
2024-09-06,68900,156400,157200,33433,102401
2024-09-09,67500,157000,155000,33208,102353
2024-09-10,66200,155500,159000,33067,102406
2024-09-11,64900,157200,156400,32755,102481
2024-09-12,66300,168800,160000,33505,102401
2024-09-13,64400,162800,160100,33577,102486
2024-09-19,63100,152800,160600,33519,102573
2024-09-20,63000,157100,159900,33601,102600
2024-09-23,62600,162000,166700,33705,102505
2024-09-24,63200,163500,168000,34108,102515
2024-09-25,62200,165300,166200,33606,102671
2024-09-26,64700,180900,170900,34736,102671
2024-09-27,64200,183800,170400,34596,102629
2024-09-30,61500,174600,169400,33803,102701
2024-10-02,61300,169100,168200,33447,102797
2024-10-04,60600,174100,170700,33433,102654
2024-10-07,61000,184900,166100,33963,102257
2024-10-08,60300,178000,166200,33705,102401
2024-10-10,58900,186700,172400,33769,102320
2024-10-11,59300,186000,173300,33811,102376
2024-10-14,60800,187500,171400,34212,102453
2024-10-15,61000,192900,175200,34332,102500
2024-10-16,59500,188700,177000,34022,102581
2024-10-17,59700,196000,175000,34099,102591
2024-10-18,59200,187300,176800,33900,102530
2024-10-21,59000,190900,176800,33997,102568
2024-10-22,57700,187800,171200,33501,102467
2024-10-23,59100,196000,172500,33933,102415
2024-10-24,56600,198200,172100,33651,102644
2024-10-25,55900,201000,167800,33676,102666
2024-10-28,58100,196000,170400,33983,102495
2024-10-29,59600,190300,169200,34071,102463
2024-10-30,59100,195000,174400,33744,102520
2024-10-31,59200,186300,170000,33298,102515
2024-11-01,58300,182200,169700,33064,102544
2024-11-04,58700,194000,175700,33615,102568
2024-11-05,57600,193200,176500,33426,102620
2024-11-06,57300,195800,176300,33347,102486
2024-11-07,57500,197400,179700,33332,102610
2024-11-08,57000,200500,174600,33293,102725
2024-11-11,55000,192600,176000,32756,102720
2024-11-12,53000,185800,181400,32072,102782
2024-11-13,50600,182900,182200,31252,102658
2024-11-14,49900,173000,188500,31119,102701
2024-11-15,53500,178200,190000,31345,102662
2024-11-18,56700,171700,190800,32072,102720
2024-11-19,56300,170600,193000,32185,102858
2024-11-20,55300,170600,193100,32250,102877
2024-11-21,56400,168800,189700,32288,103039
2024-11-22,56000,176700,190000,32575,103077
2024-11-25,57900,177000,193200,32957,103221
2024-11-26,58300,177100,195600,32854,103241
2024-11-27,56300,168300,203000,32600,103326
2024-11-28,55500,161100,204500,32502,103631
2024-11-29,54200,159900,206500,31886,103755
2024-12-02,53600,158800,203500,31945,103884
2024-12-03,53600,164900,209000,32414,103827
2024-12-04,53100,168000,202500,31975,103728
2024-12-05,53700,173000,204000,31750,103746
2024-12-06,54100,167100,204500,31588,103713
2024-12-09,53400,168900,201500,30803,103813
2024-12-10,54000,170400,209000,31427,103896
2024-12-11,54000,171800,218000,31755,103843
2024-12-12,55900,176100,208000,32210,103788
2024-12-13,56100,175500,210000,32354,103876
2024-12-16,55600,179300,214000,32240,103784
2024-12-17,54200,184000,209500,31866,103586
2024-12-18,54900,183500,212500,32316,103813
2024-12-19,53100,175000,209500,31583,103572
2024-12-20,53000,168500,210000,31129,103519
2024-12-23,53500,169600,201000,31652,103606
2024-12-24,54400,168500,202500,31677,103486
2024-12-26,53600,170100,199900,31490,103471
2024-12-27,53700,174500,197700,31403,103500
2024-12-30,53200,173900,198900,31321,103534
